,unixtime,location,currency,buy_price,buy_quantity,sell_price,sell_quantity
0,1578430315.7,AUXZU,USD,50410,0.056,50570,0.948
1,1578430315.7,AUXZU,GBP,38420,0.934,38540,0.934
2,1578430315.7,AUXZU,EUR,45240,0.847,45250,0.011
3,1578430315.7,AUXZU,JPY,5469000,1.922,5490000,1.902
4,1578430315.7,AUXLN,USD,50410,0.95,50560,0.948
5,1578430315.7,AUXLN,GBP,38420,0.934,38500,0.88
6,1578430315.7,AUXLN,EUR,45240,0.943,45380,1.039
7,1578430315.7,AUXNY,USD,50370,0.95,50590,0.953
8,1578430315.7,AUXNY,GBP,38380,0.948,38570,1.872
9,1578430315.7,AUXNY,EUR,45210,0.953,45410,0.953
10,1578430315.7,AUXTR,USD,50370,0.95,50590,0.953
11,1578430315.7,AUXTR,GBP,38380,0.948,38570,1.872
12,1578430315.7,AUXTR,EUR,45210,0.953,45410,0.953
13,1578430315.7,AUXSG,USD,50410,0.95,50600,0.5
14,1578430315.7,AUXSG,GBP,38420,0.934,38570,0.946
15,1578430315.7,AUXSG,EUR,45240,0.943,45430,1.906
16,1578430315.7,AGXZU,USD,590,7.463,592,4.999
17,1578430315.7,AGXZU,GBP,448,54.201,450,0.543
18,1578430315.7,AGXZU,EUR,525,9.996,528,55.182
19,1578430315.7,AGXLN,USD,590,27.263,591,1.996
20,1578430315.7,AGXLN,GBP,448,54.435,450,3.318
21,1578430315.7,AGXLN,EUR,528,41.732,531,14.965
22,1578430315.7,AGXTR,USD,589,27.225,595,0.623
23,1578430315.7,AGXTR,GBP,448,26.231,457,44.646
24,1578430315.7,AGXTR,EUR,528,26.708,536,6.23
25,1578430315.7,AGXSG,USD,590,7.463,595,0.093
26,1578430315.7,AGXSG,GBP,448,26.231,455,2
27,1578430315.7,AGXSG,EUR,528,26.708,535,3
28,1578430315.7,PTXLN,USD,31080,0.666,31340,0.647
29,1578430315.7,PTXLN,GBP,23680,0.628,23890,0.655
30,1578430315.7,PTXLN,EUR,27900,0.1,28130,0.654
0,1578430320.9,AUXZU,USD,50410,0.056,50570,0.948
1,1578430320.9,AUXZU,GBP,38420,0.934,38540,0.934
2,1578430320.9,AUXZU,EUR,45240,0.847,45250,0.011
3,1578430320.9,AUXZU,JPY,5469000,1.922,5490000,1.902
4,1578430320.9,AUXLN,USD,50410,0.95,50560,0.948
5,1578430320.9,AUXLN,GBP,38420,0.934,38500,0.88
6,1578430320.9,AUXLN,EUR,45240,0.943,45380,1.039
7,1578430320.9,AUXNY,USD,50370,0.95,50590,0.953
8,1578430320.9,AUXNY,GBP,38380,0.948,38570,1.872
9,1578430320.9,AUXNY,EUR,45210,0.953,45410,0.953
10,1578430320.9,AUXTR,USD,50370,0.95,50590,0.953
11,1578430320.9,AUXTR,GBP,38380,0.948,38570,1.872
12,1578430320.9,AUXTR,EUR,45210,0.953,45410,0.953
13,1578430320.9,AUXSG,USD,50410,0.95,50600,0.5
14,1578430320.9,AUXSG,GBP,38420,0.934,38570,0.946
15,1578430320.9,AUXSG,EUR,45240,0.943,45430,1.906
16,1578430320.9,AGXZU,USD,590,7.463,592,4.999
17,1578430320.9,AGXZU,GBP,448,54.201,450,0.543
18,1578430320.9,AGXZU,EUR,525,9.996,528,55.182
19,1578430320.9,AGXLN,USD,590,27.263,591,1.996
20,1578430320.9,AGXLN,GBP,448,54.435,450,3.318
21,1578430320.9,AGXLN,EUR,528,41.732,531,14.965
22,1578430320.9,AGXTR,USD,589,27.225,595,0.623
23,1578430320.9,AGXTR,GBP,448,26.231,457,44.646
24,1578430320.9,AGXTR,EUR,528,26.708,536,6.23
25,1578430320.9,AGXSG,USD,590,7.463,595,0.093
26,1578430320.9,AGXSG,GBP,448,26.231,455,2
27,1578430320.9,AGXSG,EUR,528,26.708,535,3
28,1578430320.9,PTXLN,USD,31080,0.666,31340,0.647
29,1578430320.9,PTXLN,GBP,23680,0.628,23890,0.655
30,1578430320.9,PTXLN,EUR,27900,0.1,28130,0.654
0,1578430326.0,AUXZU,USD,50410,0.056,50570,0.948
1,1578430326.0,AUXZU,GBP,38420,0.934,38540,0.934
2,1578430326.0,AUXZU,EUR,45240,0.847,45250,0.011
3,1578430326.0,AUXZU,JPY,5469000,1.922,5490000,1.902
4,1578430326.0,AUXLN,USD,50410,0.95,50560,0.948
5,1578430326.0,AUXLN,GBP,38420,0.934,38500,0.88
6,1578430326.0,AUXLN,EUR,45240,0.943,45380,1.039
7,1578430326.0,AUXNY,USD,50370,0.95,50590,0.953
8,1578430326.0,AUXNY,GBP,38380,0.948,38570,1.872
9,1578430326.0,AUXNY,EUR,45210,0.953,45410,0.953
10,1578430326.0,AUXTR,USD,50370,0.95,50590,0.953
11,1578430326.0,AUXTR,GBP,38380,0.948,38570,1.872
12,1578430326.0,AUXTR,EUR,45210,0.953,45410,0.953
13,1578430326.0,AUXSG,USD,50410,0.95,50600,0.5
14,1578430326.0,AUXSG,GBP,38420,0.934,38570,0.946
15,1578430326.0,AUXSG,EUR,45240,0.943,45430,1.906
16,1578430326.0,AGXZU,USD,590,7.463,592,4.999
17,1578430326.0,AGXZU,GBP,448,54.201,450,0.543
18,1578430326.0,AGXZU,EUR,525,9.996,528,55.182
19,1578430326.0,AGXLN,USD,590,27.263,591,1.996
20,1578430326.0,AGXLN,GBP,448,54.435,450,3.318
21,1578430326.0,AGXLN,EUR,528,41.732,531,14.965
22,1578430326.0,AGXTR,USD,589,27.225,595,0.623
23,1578430326.0,AGXTR,GBP,448,26.231,457,44.646
24,1578430326.0,AGXTR,EUR,528,26.708,536,6.23
25,1578430326.0,AGXSG,USD,590,7.463,595,0.093
26,1578430326.0,AGXSG,GBP,448,26.231,455,2
27,1578430326.0,AGXSG,EUR,528,26.708,535,3
28,1578430326.0,PTXLN,USD,31080,0.666,31340,0.647
29,1578430326.0,PTXLN,GBP,23680,0.628,23880,0.655
30,1578430326.0,PTXLN,EUR,27900,0.1,28120,0.654
0,1578430331.2,AUXZU,USD,50410,0.056,50570,0.948
1,1578430331.2,AUXZU,GBP,38420,0.934,38540,0.934
2,1578430331.2,AUXZU,EUR,45240,0.847,45250,0.011
3,1578430331.2,AUXZU,JPY,5469000,1.922,5490000,1.902
4,1578430331.2,AUXLN,USD,50410,0.95,50560,0.948
5,1578430331.2,AUXLN,GBP,38420,0.934,38500,0.88
6,1578430331.2,AUXLN,EUR,45240,0.943,45380,1.039
7,1578430331.2,AUXNY,USD,50370,0.95,50590,0.953
8,1578430331.2,AUXNY,GBP,38380,0.948,38570,1.872
9,1578430331.2,AUXNY,EUR,45210,0.953,45410,0.953
10,1578430331.2,AUXTR,USD,50370,0.95,50590,0.953
11,1578430331.2,AUXTR,GBP,38380,0.948,38570,1.872
12,1578430331.2,AUXTR,EUR,45210,0.953,45410,0.953
13,1578430331.2,AUXSG,USD,50410,0.95,50600,0.5
14,1578430331.2,AUXSG,GBP,38420,0.934,38570,0.946
15,1578430331.2,AUXSG,EUR,45240,0.943,45430,1.906
16,1578430331.2,AGXZU,USD,590,7.463,592,4.999
17,1578430331.2,AGXZU,GBP,448,54.201,450,0.543
18,1578430331.2,AGXZU,EUR,525,9.996,528,55.182
19,1578430331.2,AGXLN,USD,590,27.263,591,1.996
20,1578430331.2,AGXLN,GBP,448,54.435,450,3.318
21,1578430331.2,AGXLN,EUR,528,41.732,531,14.965
22,1578430331.2,AGXTR,USD,589,27.225,595,0.623
23,1578430331.2,AGXTR,GBP,448,26.231,457,44.646
24,1578430331.2,AGXTR,EUR,528,26.708,536,6.23
25,1578430331.2,AGXSG,USD,590,7.463,595,0.093
26,1578430331.2,AGXSG,GBP,448,26.231,455,2
27,1578430331.2,AGXSG,EUR,528,26.708,535,3
28,1578430331.2,PTXLN,USD,31080,0.666,31340,0.647
29,1578430331.2,PTXLN,GBP,23680,0.628,23880,0.655
30,1578430331.2,PTXLN,EUR,27900,0.1,28120,0.654
0,1578430336.3,AUXZU,USD,50410,0.056,50570,0.948
1,1578430336.3,AUXZU,GBP,38420,0.934,38540,0.934
2,1578430336.3,AUXZU,EUR,45240,0.847,45250,0.011
3,1578430336.3,AUXZU,JPY,5469000,1.922,5490000,1.902
4,1578430336.3,AUXLN,USD,50410,0.95,50560,0.948
5,1578430336.3,AUXLN,GBP,38420,0.934,38500,0.88
6,1578430336.3,AUXLN,EUR,45240,0.943,45380,1.039
7,1578430336.3,AUXNY,USD,50370,0.95,50590,0.953
8,1578430336.3,AUXNY,GBP,38380,0.948,38570,1.872
9,1578430336.3,AUXNY,EUR,45210,0.953,45410,0.953
10,1578430336.3,AUXTR,USD,50370,0.95,50590,0.953
11,1578430336.3,AUXTR,GBP,38380,0.948,38570,1.872
12,1578430336.3,AUXTR,EUR,45210,0.953,45410,0.953
13,1578430336.3,AUXSG,USD,50410,0.95,50600,0.5
14,1578430336.3,AUXSG,GBP,38420,0.934,38570,0.946
15,1578430336.3,AUXSG,EUR,45240,0.943,45430,1.906
16,1578430336.3,AGXZU,USD,590,7.463,592,4.999
17,1578430336.3,AGXZU,GBP,448,54.201,450,0.543
18,1578430336.3,AGXZU,EUR,525,9.996,528,55.182
19,1578430336.3,AGXLN,USD,590,27.263,591,1.996
20,1578430336.3,AGXLN,GBP,448,54.435,450,3.318
21,1578430336.3,AGXLN,EUR,528,41.732,531,14.965
22,1578430336.3,AGXTR,USD,589,27.225,595,0.623
23,1578430336.3,AGXTR,GBP,448,26.231,456,26.861
24,1578430336.3,AGXTR,EUR,528,26.708,536,6.23
25,1578430336.3,AGXSG,USD,590,7.463,595,0.093
26,1578430336.3,AGXSG,GBP,448,26.231,455,2
27,1578430336.3,AGXSG,EUR,528,26.708,535,3
28,1578430336.3,PTXLN,USD,31080,0.666,31340,0.647
29,1578430336.3,PTXLN,GBP,23680,0.628,23880,0.655
30,1578430336.3,PTXLN,EUR,27900,0.1,28120,0.654
0,1578430341.5,AUXZU,USD,50410,0.056,50570,0.948
1,1578430341.5,AUXZU,GBP,38420,0.934,38540,0.934
2,1578430341.5,AUXZU,EUR,45240,0.847,45250,0.011
3,1578430341.5,AUXZU,JPY,5469000,1.922,5490000,1.902
4,1578430341.5,AUXLN,USD,50410,0.95,50560,0.948
5,1578430341.5,AUXLN,GBP,38420,0.934,38500,0.88
6,1578430341.5,AUXLN,EUR,45240,0.943,45380,1.039
7,1578430341.5,AUXNY,USD,50370,0.95,50590,0.953
8,1578430341.5,AUXNY,GBP,38380,0.948,38570,1.872
9,1578430341.5,AUXNY,EUR,45210,0.953,45410,0.953
10,1578430341.5,AUXTR,USD,50370,0.95,50590,0.953
11,1578430341.5,AUXTR,GBP,38380,0.948,38570,1.872
12,1578430341.5,AUXTR,EUR,45210,0.953,45410,0.953
13,1578430341.5,AUXSG,USD,50410,0.95,50600,0.5
14,1578430341.5,AUXSG,GBP,38420,0.934,38570,0.946
15,1578430341.5,AUXSG,EUR,45240,0.943,45430,1.906
16,1578430341.5,AGXZU,USD,590,7.463,592,4.999
17,1578430341.5,AGXZU,GBP,448,54.201,450,0.543
18,1578430341.5,AGXZU,EUR,525,9.996,528,55.182
19,1578430341.5,AGXLN,USD,590,27.263,591,1.996
20,1578430341.5,AGXLN,GBP,448,54.435,450,3.318
21,1578430341.5,AGXLN,EUR,528,41.732,531,14.965
22,1578430341.5,AGXTR,USD,589,27.225,595,0.623
23,1578430341.5,AGXTR,GBP,448,26.231,456,26.861
24,1578430341.5,AGXTR,EUR,528,26.708,536,6.23
25,1578430341.5,AGXSG,USD,590,7.463,595,0.093
26,1578430341.5,AGXSG,GBP,448,26.231,455,2
27,1578430341.5,AGXSG,EUR,528,26.708,535,3
28,1578430341.5,PTXLN,USD,31080,0.666,31340,0.647
29,1578430341.5,PTXLN,GBP,23680,0.628,23880,0.655
30,1578430341.5,PTXLN,EUR,27900,0.1,28120,0.654
0,1578430346.6,AUXZU,USD,50410,0.056,50570,0.948
1,1578430346.6,AUXZU,GBP,38420,0.934,38540,0.934
2,1578430346.6,AUXZU,EUR,45240,0.847,45250,0.011
3,1578430346.6,AUXZU,JPY,5469000,1.922,5490000,1.902
4,1578430346.6,AUXLN,USD,50410,0.95,50560,0.948
5,1578430346.6,AUXLN,GBP,38420,0.934,38500,0.88
6,1578430346.6,AUXLN,EUR,45240,0.943,45380,1.039
7,1578430346.6,AUXNY,USD,50370,0.95,50590,0.953
8,1578430346.6,AUXNY,GBP,38380,0.948,38570,1.872
9,1578430346.6,AUXNY,EUR,45210,0.953,45410,0.953
10,1578430346.6,AUXTR,USD,50370,0.95,50590,0.953
11,1578430346.6,AUXTR,GBP,38380,0.948,38570,1.872
12,1578430346.6,AUXTR,EUR,45210,0.953,45410,0.953
13,1578430346.6,AUXSG,USD,50410,0.95,50600,0.5
14,1578430346.6,AUXSG,GBP,38420,0.934,38570,0.946
15,1578430346.6,AUXSG,EUR,45240,0.943,45430,1.906
16,1578430346.6,AGXZU,USD,590,7.463,592,4.999
17,1578430346.6,AGXZU,GBP,448,54.201,450,0.543
18,1578430346.6,AGXZU,EUR,525,9.996,528,55.182
19,1578430346.6,AGXLN,USD,590,27.263,591,1.996
20,1578430346.6,AGXLN,GBP,448,54.435,450,3.318
21,1578430346.6,AGXLN,EUR,528,41.732,531,14.965
22,1578430346.6,AGXTR,USD,589,27.225,595,0.623
23,1578430346.6,AGXTR,GBP,448,26.231,456,26.861
24,1578430346.6,AGXTR,EUR,528,26.708,536,6.23
25,1578430346.6,AGXSG,USD,590,7.463,595,0.093
26,1578430346.6,AGXSG,GBP,448,26.231,455,21.349
27,1578430346.6,AGXSG,EUR,528,26.708,535,3
28,1578430346.6,PTXLN,USD,31060,0.638,31330,0.654
29,1578430346.6,PTXLN,GBP,23670,0.639,23870,0.639
30,1578430346.6,PTXLN,EUR,27900,0.1,28110,0.638
0,1578430351.8,AUXZU,USD,50410,0.056,50570,0.948
1,1578430351.8,AUXZU,GBP,38420,0.934,38540,0.934
2,1578430351.8,AUXZU,EUR,45240,0.847,45250,0.011
3,1578430351.8,AUXZU,JPY,5469000,1.922,5490000,1.902
4,1578430351.8,AUXLN,USD,50410,0.95,50560,0.948
5,1578430351.8,AUXLN,GBP,38420,0.934,38500,0.88
6,1578430351.8,AUXLN,EUR,45240,0.943,45380,1.039
7,1578430351.8,AUXNY,USD,50370,0.95,50590,0.953
8,1578430351.8,AUXNY,GBP,38380,0.948,38570,1.872
9,1578430351.8,AUXNY,EUR,45210,0.953,45410,0.953
10,1578430351.8,AUXTR,USD,50370,0.95,50590,0.953
11,1578430351.8,AUXTR,GBP,38380,0.948,38570,1.872
12,1578430351.8,AUXTR,EUR,45210,0.953,45410,0.953
13,1578430351.8,AUXSG,USD,50410,0.95,50600,0.5
14,1578430351.8,AUXSG,GBP,38420,0.934,38570,0.946
15,1578430351.8,AUXSG,EUR,45240,0.943,45430,1.906
16,1578430351.8,AGXZU,USD,590,7.463,592,4.999
17,1578430351.8,AGXZU,GBP,448,54.201,450,0.543
18,1578430351.8,AGXZU,EUR,525,9.996,528,55.182
19,1578430351.8,AGXLN,USD,590,27.263,591,1.996
20,1578430351.8,AGXLN,GBP,448,54.435,450,3.318
21,1578430351.8,AGXLN,EUR,528,41.732,531,14.965
22,1578430351.8,AGXTR,USD,589,27.225,595,0.623
23,1578430351.8,AGXTR,GBP,448,26.231,456,26.861
24,1578430351.8,AGXTR,EUR,528,26.708,536,6.23
25,1578430351.8,AGXSG,USD,590,7.463,595,0.093
26,1578430351.8,AGXSG,GBP,448,26.231,455,21.349
27,1578430351.8,AGXSG,EUR,528,26.708,535,3
28,1578430351.8,PTXLN,USD,31060,0.638,31330,0.654
29,1578430351.8,PTXLN,GBP,23670,0.639,23870,0.639
30,1578430351.8,PTXLN,EUR,27900,0.1,28110,0.638
0,1578430356.9,AUXZU,USD,50410,0.056,50570,0.948
1,1578430356.9,AUXZU,GBP,38420,0.934,38540,0.934
2,1578430356.9,AUXZU,EUR,45240,0.847,45250,0.011
3,1578430356.9,AUXZU,JPY,5469000,1.922,5490000,1.902
4,1578430356.9,AUXLN,USD,50410,0.95,50560,0.948
5,1578430356.9,AUXLN,GBP,38420,0.934,38500,0.88
6,1578430356.9,AUXLN,EUR,45240,0.943,45380,1.039
7,1578430356.9,AUXNY,USD,50370,0.95,50590,0.953
8,1578430356.9,AUXNY,GBP,38380,0.948,38570,1.872
9,1578430356.9,AUXNY,EUR,45210,0.953,45410,0.953
10,1578430356.9,AUXTR,USD,50370,0.95,50590,0.953
11,1578430356.9,AUXTR,GBP,38380,0.948,38570,1.872
12,1578430356.9,AUXTR,EUR,45210,0.953,45410,0.953
13,1578430356.9,AUXSG,USD,50410,0.95,50600,0.5
14,1578430356.9,AUXSG,GBP,38420,0.934,38570,0.946
15,1578430356.9,AUXSG,EUR,45240,0.943,45430,1.906
16,1578430356.9,AGXZU,USD,590,7.463,592,4.999
17,1578430356.9,AGXZU,GBP,448,54.201,450,0.543
18,1578430356.9,AGXZU,EUR,525,9.996,528,55.182
19,1578430356.9,AGXLN,USD,590,27.263,591,1.996
20,1578430356.9,AGXLN,GBP,448,54.435,450,3.318
21,1578430356.9,AGXLN,EUR,528,41.732,531,14.965
22,1578430356.9,AGXTR,USD,589,27.225,595,0.623
23,1578430356.9,AGXTR,GBP,448,26.231,456,26.861
24,1578430356.9,AGXTR,EUR,528,26.708,536,6.23
25,1578430356.9,AGXSG,USD,590,7.463,595,0.093
26,1578430356.9,AGXSG,GBP,448,26.231,455,21.349
27,1578430356.9,AGXSG,EUR,528,26.708,535,3
28,1578430356.9,PTXLN,USD,31060,0.638,31330,0.654
29,1578430356.9,PTXLN,GBP,23670,0.639,23870,0.639
30,1578430356.9,PTXLN,EUR,27900,0.1,28110,0.638
0,1578430362.1,AUXZU,USD,50410,0.056,50570,0.948
1,1578430362.1,AUXZU,GBP,38420,0.934,38540,0.934
2,1578430362.1,AUXZU,EUR,45240,0.847,45250,0.011
3,1578430362.1,AUXZU,JPY,5469000,1.922,5490000,1.902
4,1578430362.1,AUXLN,USD,50410,0.95,50560,0.948
5,1578430362.1,AUXLN,GBP,38420,0.934,38500,0.88
6,1578430362.1,AUXLN,EUR,45240,0.943,45380,1.039
7,1578430362.1,AUXNY,USD,50370,0.95,50590,0.953
8,1578430362.1,AUXNY,GBP,38380,0.948,38570,1.872
9,1578430362.1,AUXNY,EUR,45210,0.953,45410,0.953
10,1578430362.1,AUXTR,USD,50370,0.95,50590,0.953
11,1578430362.1,AUXTR,GBP,38380,0.948,38570,1.872
12,1578430362.1,AUXTR,EUR,45210,0.953,45410,0.953
13,1578430362.1,AUXSG,USD,50410,0.95,50600,0.5
14,1578430362.1,AUXSG,GBP,38420,0.934,38570,0.946
15,1578430362.1,AUXSG,EUR,45240,0.943,45430,1.906
16,1578430362.1,AGXZU,USD,590,7.463,592,4.999
17,1578430362.1,AGXZU,GBP,448,54.201,450,0.543
18,1578430362.1,AGXZU,EUR,525,9.996,528,55.182
19,1578430362.1,AGXLN,USD,590,27.263,591,1.996
20,1578430362.1,AGXLN,GBP,448,54.435,450,3.318
21,1578430362.1,AGXLN,EUR,528,41.732,531,14.965
22,1578430362.1,AGXTR,USD,589,27.225,595,0.623
23,1578430362.1,AGXTR,GBP,448,26.231,456,26.861
24,1578430362.1,AGXTR,EUR,528,26.708,536,6.23
25,1578430362.1,AGXSG,USD,590,7.463,595,0.093
26,1578430362.1,AGXSG,GBP,448,26.231,455,21.349
27,1578430362.1,AGXSG,EUR,528,26.708,535,3
28,1578430362.1,PTXLN,USD,31060,0.638,31330,0.654
29,1578430362.1,PTXLN,GBP,23670,0.639,23870,0.639
30,1578430362.1,PTXLN,EUR,27900,0.1,28110,0.638
0,1578430367.3,AUXZU,USD,50410,0.056,50570,0.948
1,1578430367.3,AUXZU,GBP,38420,0.934,38540,0.934
2,1578430367.3,AUXZU,EUR,45240,0.847,45250,0.011
3,1578430367.3,AUXZU,JPY,5469000,1.922,5490000,1.902
4,1578430367.3,AUXLN,USD,50410,0.95,50560,0.948
5,1578430367.3,AUXLN,GBP,38420,0.934,38500,0.88
6,1578430367.3,AUXLN,EUR,45240,0.943,45380,1.039
7,1578430367.3,AUXNY,USD,50370,0.95,50590,0.953
8,1578430367.3,AUXNY,GBP,38380,0.948,38570,0.926
9,1578430367.3,AUXNY,EUR,45210,0.953,45410,0.953
10,1578430367.3,AUXTR,USD,50370,0.95,50590,0.953
11,1578430367.3,AUXTR,GBP,38380,0.948,38570,0.926
12,1578430367.3,AUXTR,EUR,45210,0.953,45410,0.953
13,1578430367.3,AUXSG,USD,50410,0.95,50600,0.5
14,1578430367.3,AUXSG,GBP,38420,0.934,38580,1.896
15,1578430367.3,AUXSG,EUR,45240,0.943,45430,1.906
16,1578430367.3,AGXZU,USD,590,7.463,592,4.999
17,1578430367.3,AGXZU,GBP,448,54.201,450,0.543
18,1578430367.3,AGXZU,EUR,525,9.996,528,55.182
19,1578430367.3,AGXLN,USD,590,27.263,591,1.996
20,1578430367.3,AGXLN,GBP,448,54.435,450,3.318
21,1578430367.3,AGXLN,EUR,528,41.732,531,14.965
22,1578430367.3,AGXTR,USD,589,27.225,595,0.623
23,1578430367.3,AGXTR,GBP,448,26.231,456,26.861
24,1578430367.3,AGXTR,EUR,528,26.708,536,6.23
25,1578430367.3,AGXSG,USD,590,7.463,595,0.093
26,1578430367.3,AGXSG,GBP,448,26.231,455,21.349
27,1578430367.3,AGXSG,EUR,528,26.708,535,3
28,1578430367.3,PTXLN,USD,31060,0.638,31330,0.654
29,1578430367.3,PTXLN,GBP,23670,0.639,23870,0.639
30,1578430367.3,PTXLN,EUR,27900,0.1,28110,0.638
0,1578430372.4,AUXZU,USD,50410,0.056,50570,0.948
1,1578430372.4,AUXZU,GBP,38420,0.934,38540,0.934
2,1578430372.4,AUXZU,EUR,45240,0.847,45250,0.011
3,1578430372.4,AUXZU,JPY,5469000,1.922,5490000,1.902
4,1578430372.4,AUXLN,USD,50410,0.95,50560,0.948
5,1578430372.4,AUXLN,GBP,38420,0.934,38500,0.88
6,1578430372.4,AUXLN,EUR,45240,0.943,45380,1.039
7,1578430372.4,AUXNY,USD,50370,0.95,50590,0.953
8,1578430372.4,AUXNY,GBP,38380,0.948,38570,0.926
9,1578430372.4,AUXNY,EUR,45210,0.953,45410,0.953
10,1578430372.4,AUXTR,USD,50370,0.95,50590,0.953
11,1578430372.4,AUXTR,GBP,38380,0.948,38570,0.926
12,1578430372.4,AUXTR,EUR,45210,0.953,45410,0.953
13,1578430372.4,AUXSG,USD,50410,0.95,50600,0.5
14,1578430372.4,AUXSG,GBP,38420,0.934,38580,1.896
15,1578430372.4,AUXSG,EUR,45240,0.943,45430,1.906
16,1578430372.4,AGXZU,USD,590,7.463,592,4.999
17,1578430372.4,AGXZU,GBP,448,54.201,450,0.543
18,1578430372.4,AGXZU,EUR,525,9.996,528,55.182
19,1578430372.4,AGXLN,USD,590,27.263,591,1.996
20,1578430372.4,AGXLN,GBP,448,54.435,450,3.318
21,1578430372.4,AGXLN,EUR,528,41.732,531,14.965
22,1578430372.4,AGXTR,USD,589,27.225,595,0.623
23,1578430372.4,AGXTR,GBP,448,26.231,456,26.861
24,1578430372.4,AGXTR,EUR,528,26.708,536,6.23
25,1578430372.4,AGXSG,USD,590,7.463,595,0.093
26,1578430372.4,AGXSG,GBP,448,26.231,455,21.349
27,1578430372.4,AGXSG,EUR,528,26.708,535,3
28,1578430372.4,PTXLN,USD,31060,0.638,31330,0.654
29,1578430372.4,PTXLN,GBP,23670,0.639,23870,0.639
30,1578430372.4,PTXLN,EUR,27900,0.1,28110,0.638
0,1578430377.6,AUXZU,USD,50410,0.056,50570,0.948
1,1578430377.6,AUXZU,GBP,38420,0.934,38540,0.934
2,1578430377.6,AUXZU,EUR,45240,0.847,45250,0.011
3,1578430377.6,AUXZU,JPY,5469000,1.922,5490000,1.902
4,1578430377.6,AUXLN,USD,50410,0.95,50560,0.948
5,1578430377.6,AUXLN,GBP,38420,0.934,38500,0.88
6,1578430377.6,AUXLN,EUR,45240,0.943,45380,1.039
7,1578430377.6,AUXNY,USD,50370,0.95,50590,0.953
8,1578430377.6,AUXNY,GBP,38380,0.948,38570,0.926
9,1578430377.6,AUXNY,EUR,45210,0.953,45410,0.953
10,1578430377.6,AUXTR,USD,50370,0.95,50590,0.953
11,1578430377.6,AUXTR,GBP,38380,0.948,38570,0.926
12,1578430377.6,AUXTR,EUR,45210,0.953,45410,0.953
13,1578430377.6,AUXSG,USD,50410,0.95,50600,0.5
14,1578430377.6,AUXSG,GBP,38420,0.934,38580,1.896
15,1578430377.6,AUXSG,EUR,45240,0.943,45430,1.906
16,1578430377.6,AGXZU,USD,590,7.463,592,4.999
17,1578430377.6,AGXZU,GBP,448,54.201,450,0.543
18,1578430377.6,AGXZU,EUR,525,9.996,528,55.182
19,1578430377.6,AGXLN,USD,590,27.263,591,1.996
20,1578430377.6,AGXLN,GBP,448,54.435,450,3.318
21,1578430377.6,AGXLN,EUR,528,41.732,531,14.965
22,1578430377.6,AGXTR,USD,589,27.225,595,0.623
23,1578430377.6,AGXTR,GBP,448,26.231,456,26.861
24,1578430377.6,AGXTR,EUR,528,26.708,536,6.23
25,1578430377.6,AGXSG,USD,590,7.463,595,0.093
26,1578430377.6,AGXSG,GBP,448,26.231,455,21.349
27,1578430377.6,AGXSG,EUR,528,26.708,535,3
28,1578430377.6,PTXLN,USD,31060,0.638,31330,0.654
29,1578430377.6,PTXLN,GBP,23670,0.639,23870,0.639
30,1578430377.6,PTXLN,EUR,27900,0.1,28110,0.638
0,1578430382.7,AUXZU,USD,50410,0.056,50570,0.948
1,1578430382.7,AUXZU,GBP,38420,0.934,38540,0.934
2,1578430382.7,AUXZU,EUR,45240,0.847,45250,0.011
3,1578430382.7,AUXZU,JPY,5469000,1.922,5490000,1.902
4,1578430382.7,AUXLN,USD,50410,0.95,50560,0.948
5,1578430382.7,AUXLN,GBP,38420,0.934,38500,0.88
6,1578430382.7,AUXLN,EUR,45240,0.943,45380,1.039
7,1578430382.7,AUXNY,USD,50370,0.95,50590,0.953
8,1578430382.7,AUXNY,GBP,38380,0.948,38570,0.926
9,1578430382.7,AUXNY,EUR,45210,0.953,45410,0.953
10,1578430382.7,AUXTR,USD,50370,0.95,50590,0.953
11,1578430382.7,AUXTR,GBP,38380,0.948,38570,0.926
12,1578430382.7,AUXTR,EUR,45210,0.953,45410,0.953
13,1578430382.7,AUXSG,USD,50410,0.95,50600,0.5
14,1578430382.7,AUXSG,GBP,38420,0.934,38580,1.896
15,1578430382.7,AUXSG,EUR,45240,0.943,45430,1.906
16,1578430382.7,AGXZU,USD,590,7.463,592,4.999
17,1578430382.7,AGXZU,GBP,448,54.201,450,0.543
18,1578430382.7,AGXZU,EUR,525,9.996,528,55.182
19,1578430382.7,AGXLN,USD,590,27.263,591,1.996
20,1578430382.7,AGXLN,GBP,448,54.435,450,3.318
21,1578430382.7,AGXLN,EUR,528,41.732,531,14.965
22,1578430382.7,AGXTR,USD,589,27.225,595,0.623
23,1578430382.7,AGXTR,GBP,448,26.231,456,26.861
24,1578430382.7,AGXTR,EUR,528,26.708,536,6.23
25,1578430382.7,AGXSG,USD,590,7.463,595,0.093
26,1578430382.7,AGXSG,GBP,448,26.231,455,21.349
27,1578430382.7,AGXSG,EUR,528,26.708,535,3
28,1578430382.7,PTXLN,USD,31060,0.638,31330,0.654
29,1578430382.7,PTXLN,GBP,23670,0.639,23870,0.639
30,1578430382.7,PTXLN,EUR,27900,0.1,28110,0.638
0,1578430387.9,AUXZU,USD,50410,0.056,50570,0.948
1,1578430387.9,AUXZU,GBP,38420,0.934,38540,0.934
2,1578430387.9,AUXZU,EUR,45240,0.847,45250,0.011
3,1578430387.9,AUXZU,JPY,5469000,1.922,5490000,1.902
4,1578430387.9,AUXLN,USD,50410,0.95,50560,0.948
5,1578430387.9,AUXLN,GBP,38420,0.934,38500,0.88
6,1578430387.9,AUXLN,EUR,45240,0.943,45380,1.039
7,1578430387.9,AUXNY,USD,50370,0.95,50590,0.953
8,1578430387.9,AUXNY,GBP,38380,0.948,38570,0.926
9,1578430387.9,AUXNY,EUR,45210,0.953,45410,0.953
10,1578430387.9,AUXTR,USD,50370,0.95,50590,0.953
11,1578430387.9,AUXTR,GBP,38380,0.948,38570,0.926
12,1578430387.9,AUXTR,EUR,45210,0.953,45410,0.953
13,1578430387.9,AUXSG,USD,50410,0.95,50600,0.5
14,1578430387.9,AUXSG,GBP,38420,0.934,38580,1.896
15,1578430387.9,AUXSG,EUR,45240,0.943,45430,1.906
16,1578430387.9,AGXZU,USD,590,7.463,592,4.999
17,1578430387.9,AGXZU,GBP,449,44.882,450,0.543
18,1578430387.9,AGXZU,EUR,525,9.996,528,55.182
19,1578430387.9,AGXLN,USD,590,27.263,591,1.996
20,1578430387.9,AGXLN,GBP,449,44.882,450,3.318
21,1578430387.9,AGXLN,EUR,528,58.732,531,14.965
22,1578430387.9,AGXTR,USD,589,27.225,595,0.623
23,1578430387.9,AGXTR,GBP,449,26.929,457,26.929
24,1578430387.9,AGXTR,EUR,528,44.841,536,6.23
25,1578430387.9,AGXSG,USD,590,7.463,595,0.093
26,1578430387.9,AGXSG,GBP,449,26.929,455,2
27,1578430387.9,AGXSG,EUR,528,44.841,535,3
28,1578430387.9,PTXLN,USD,31060,0.638,31330,0.654
29,1578430387.9,PTXLN,GBP,23670,0.639,23870,0.639
30,1578430387.9,PTXLN,EUR,27900,0.1,28110,0.638
0,1578430393.0,AUXZU,USD,50410,0.056,50570,0.948
1,1578430393.0,AUXZU,GBP,38420,0.934,38540,0.934
2,1578430393.0,AUXZU,EUR,45240,0.847,45250,0.011
3,1578430393.0,AUXZU,JPY,5469000,1.922,5490000,1.902
4,1578430393.0,AUXLN,USD,50410,0.95,50560,0.948
5,1578430393.0,AUXLN,GBP,38420,0.934,38500,0.88
6,1578430393.0,AUXLN,EUR,45240,0.943,45380,1.039
7,1578430393.0,AUXNY,USD,50370,0.95,50590,0.953
8,1578430393.0,AUXNY,GBP,38380,0.948,38570,0.926
9,1578430393.0,AUXNY,EUR,45210,0.953,45410,0.953
10,1578430393.0,AUXTR,USD,50370,0.95,50590,0.953
11,1578430393.0,AUXTR,GBP,38380,0.948,38570,0.926
12,1578430393.0,AUXTR,EUR,45210,0.953,45410,0.953
13,1578430393.0,AUXSG,USD,50410,0.95,50600,0.5
14,1578430393.0,AUXSG,GBP,38420,0.934,38580,1.896
15,1578430393.0,AUXSG,EUR,45240,0.943,45430,1.906
16,1578430393.0,AGXZU,USD,590,7.463,592,4.999
17,1578430393.0,AGXZU,GBP,449,44.882,450,0.543
18,1578430393.0,AGXZU,EUR,525,9.996,528,55.182
19,1578430393.0,AGXLN,USD,590,27.263,591,1.996
20,1578430393.0,AGXLN,GBP,449,44.882,450,3.318
21,1578430393.0,AGXLN,EUR,528,58.732,531,14.965
22,1578430393.0,AGXTR,USD,589,27.225,595,0.623
23,1578430393.0,AGXTR,GBP,449,26.929,457,26.929
24,1578430393.0,AGXTR,EUR,528,44.841,536,6.23
25,1578430393.0,AGXSG,USD,590,7.463,595,0.093
26,1578430393.0,AGXSG,GBP,449,26.929,455,2
27,1578430393.0,AGXSG,EUR,528,44.841,535,3
28,1578430393.0,PTXLN,USD,31060,0.638,31330,0.654
29,1578430393.0,PTXLN,GBP,23670,0.639,23870,0.639
30,1578430393.0,PTXLN,EUR,27900,0.1,28110,0.638
0,1578430398.2,AUXZU,USD,50410,0.056,50570,0.948
1,1578430398.2,AUXZU,GBP,38420,0.934,38540,0.934
2,1578430398.2,AUXZU,EUR,45240,0.847,45250,0.011
3,1578430398.2,AUXZU,JPY,5469000,1.922,5490000,1.902
4,1578430398.2,AUXLN,USD,50410,0.95,50560,0.948
5,1578430398.2,AUXLN,GBP,38420,0.934,38500,0.88
6,1578430398.2,AUXLN,EUR,45240,0.943,45380,1.039
7,1578430398.2,AUXNY,USD,50370,0.95,50590,0.953
8,1578430398.2,AUXNY,GBP,38380,0.948,38570,0.926
9,1578430398.2,AUXNY,EUR,45210,0.953,45410,0.953
10,1578430398.2,AUXTR,USD,50370,0.95,50590,0.953
11,1578430398.2,AUXTR,GBP,38380,0.948,38570,0.926
12,1578430398.2,AUXTR,EUR,45210,0.953,45410,0.953
13,1578430398.2,AUXSG,USD,50410,0.95,50600,0.5
14,1578430398.2,AUXSG,GBP,38420,0.934,38580,1.896
15,1578430398.2,AUXSG,EUR,45240,0.943,45430,1.906
16,1578430398.2,AGXZU,USD,590,7.463,592,4.999
17,1578430398.2,AGXZU,GBP,449,44.882,450,0.543
18,1578430398.2,AGXZU,EUR,525,9.996,528,55.182
19,1578430398.2,AGXLN,USD,590,27.263,591,1.996
20,1578430398.2,AGXLN,GBP,449,51.829,450,3.318
21,1578430398.2,AGXLN,EUR,529,42.726,531,14.965
22,1578430398.2,AGXTR,USD,589,27.225,595,0.623
23,1578430398.2,AGXTR,GBP,449,26.929,457,26.929
24,1578430398.2,AGXTR,EUR,529,27.345,536,6.23
25,1578430398.2,AGXSG,USD,590,7.463,595,0.093
26,1578430398.2,AGXSG,GBP,449,26.929,455,2
27,1578430398.2,AGXSG,EUR,529,27.345,535,3
28,1578430398.2,PTXLN,USD,31060,0.637,31330,0.654
29,1578430398.2,PTXLN,GBP,23670,0.639,23870,0.624
30,1578430398.2,PTXLN,EUR,27900,0.1,28110,0.637
0,1578430403.4,AUXZU,USD,50410,0.056,50570,0.948
1,1578430403.4,AUXZU,GBP,38420,0.934,38540,0.934
2,1578430403.4,AUXZU,EUR,45240,0.847,45250,0.011
3,1578430403.4,AUXZU,JPY,5469000,1.922,5490000,1.902
4,1578430403.4,AUXLN,USD,50410,0.95,50560,0.948
5,1578430403.4,AUXLN,GBP,38420,0.934,38500,0.88
6,1578430403.4,AUXLN,EUR,45240,0.943,45380,1.039
7,1578430403.4,AUXNY,USD,50370,0.95,50590,0.953
8,1578430403.4,AUXNY,GBP,38380,0.948,38570,0.926
9,1578430403.4,AUXNY,EUR,45210,0.953,45410,0.953
10,1578430403.4,AUXTR,USD,50370,0.95,50590,0.953
11,1578430403.4,AUXTR,GBP,38380,0.948,38570,0.926
12,1578430403.4,AUXTR,EUR,45210,0.953,45410,0.953
13,1578430403.4,AUXSG,USD,50410,0.95,50600,0.5
14,1578430403.4,AUXSG,GBP,38420,0.934,38580,1.896
15,1578430403.4,AUXSG,EUR,45240,0.943,45430,1.906
16,1578430403.4,AGXZU,USD,590,7.463,592,4.999
17,1578430403.4,AGXZU,GBP,449,44.882,450,0.543
18,1578430403.4,AGXZU,EUR,525,9.996,528,55.182
19,1578430403.4,AGXLN,USD,590,27.263,591,1.996
20,1578430403.4,AGXLN,GBP,449,51.829,450,3.318
21,1578430403.4,AGXLN,EUR,529,42.726,531,14.965
22,1578430403.4,AGXTR,USD,589,27.225,595,0.623
23,1578430403.4,AGXTR,GBP,449,26.929,457,26.929
24,1578430403.4,AGXTR,EUR,529,27.345,536,6.23
25,1578430403.4,AGXSG,USD,590,7.463,595,0.093
26,1578430403.4,AGXSG,GBP,449,26.929,455,2
27,1578430403.4,AGXSG,EUR,529,27.345,535,3
28,1578430403.4,PTXLN,USD,31060,0.637,31330,0.654
29,1578430403.4,PTXLN,GBP,23670,0.639,23870,0.624
30,1578430403.4,PTXLN,EUR,27900,0.1,28110,0.637
0,1578430408.6,AUXZU,USD,50410,0.056,50570,0.948
1,1578430408.6,AUXZU,GBP,38420,0.934,38540,0.934
2,1578430408.6,AUXZU,EUR,45240,0.847,45250,0.011
3,1578430408.6,AUXZU,JPY,5469000,1.922,5490000,1.902
4,1578430408.6,AUXLN,USD,50410,0.95,50560,0.948
5,1578430408.6,AUXLN,GBP,38420,0.934,38500,0.88
6,1578430408.6,AUXLN,EUR,45240,0.943,45380,1.039
7,1578430408.6,AUXNY,USD,50370,0.95,50590,0.953
8,1578430408.6,AUXNY,GBP,38380,0.948,38570,0.926
9,1578430408.6,AUXNY,EUR,45210,0.953,45410,0.953
10,1578430408.6,AUXTR,USD,50370,0.95,50590,0.953
11,1578430408.6,AUXTR,GBP,38380,0.948,38570,0.926
12,1578430408.6,AUXTR,EUR,45210,0.953,45410,0.953
13,1578430408.6,AUXSG,USD,50410,0.95,50600,0.5
14,1578430408.6,AUXSG,GBP,38420,0.934,38580,1.896
15,1578430408.6,AUXSG,EUR,45240,0.943,45430,1.906
16,1578430408.6,AGXZU,USD,590,7.463,592,4.999
17,1578430408.6,AGXZU,GBP,449,44.882,450,0.543
18,1578430408.6,AGXZU,EUR,525,9.996,528,55.182
19,1578430408.6,AGXLN,USD,590,27.263,591,1.996
20,1578430408.6,AGXLN,GBP,449,51.829,450,3.318
21,1578430408.6,AGXLN,EUR,529,42.726,531,14.965
22,1578430408.6,AGXTR,USD,589,27.225,595,0.623
23,1578430408.6,AGXTR,GBP,449,26.929,457,26.929
24,1578430408.6,AGXTR,EUR,529,27.345,536,6.23
25,1578430408.6,AGXSG,USD,590,7.463,595,0.093
26,1578430408.6,AGXSG,GBP,449,26.929,455,2
27,1578430408.6,AGXSG,EUR,529,27.345,535,3
28,1578430408.6,PTXLN,USD,31060,0.637,31330,0.654
29,1578430408.6,PTXLN,GBP,23670,0.639,23880,0.624
30,1578430408.6,PTXLN,EUR,27900,0.1,28120,0.637
0,1578430413.7,AUXZU,USD,50410,0.056,50570,0.948
1,1578430413.7,AUXZU,GBP,38420,0.934,38540,0.934
2,1578430413.7,AUXZU,EUR,45240,0.847,45250,0.011
3,1578430413.7,AUXZU,JPY,5469000,1.922,5490000,1.902
4,1578430413.7,AUXLN,USD,50410,0.95,50560,0.948
5,1578430413.7,AUXLN,GBP,38420,0.934,38500,0.88
6,1578430413.7,AUXLN,EUR,45240,0.943,45380,1.039
7,1578430413.7,AUXNY,USD,50370,0.95,50590,0.953
8,1578430413.7,AUXNY,GBP,38380,0.948,38570,0.926
9,1578430413.7,AUXNY,EUR,45210,0.953,45410,0.953
10,1578430413.7,AUXTR,USD,50370,0.95,50590,0.953
11,1578430413.7,AUXTR,GBP,38380,0.948,38570,0.926
12,1578430413.7,AUXTR,EUR,45210,0.953,45410,0.953
13,1578430413.7,AUXSG,USD,50410,0.95,50600,0.5
14,1578430413.7,AUXSG,GBP,38420,0.934,38580,1.896
15,1578430413.7,AUXSG,EUR,45240,0.943,45430,1.906
16,1578430413.7,AGXZU,USD,590,7.463,592,4.999
17,1578430413.7,AGXZU,GBP,449,44.882,450,0.543
18,1578430413.7,AGXZU,EUR,525,9.996,528,55.182
19,1578430413.7,AGXLN,USD,590,27.263,591,1.996
20,1578430413.7,AGXLN,GBP,449,51.829,450,3.318
21,1578430413.7,AGXLN,EUR,529,42.726,531,14.965
22,1578430413.7,AGXTR,USD,589,27.225,595,0.623
23,1578430413.7,AGXTR,GBP,449,26.929,457,26.929
24,1578430413.7,AGXTR,EUR,529,27.345,536,6.23
25,1578430413.7,AGXSG,USD,590,7.463,595,0.093
26,1578430413.7,AGXSG,GBP,449,26.929,455,2
27,1578430413.7,AGXSG,EUR,529,27.345,535,3
28,1578430413.7,PTXLN,USD,31060,0.637,31330,0.654
29,1578430413.7,PTXLN,GBP,23670,0.639,23880,0.624
30,1578430413.7,PTXLN,EUR,27900,0.1,28120,0.637
0,1578430418.9,AUXZU,USD,50410,0.056,50570,0.948
1,1578430418.9,AUXZU,GBP,38420,0.934,38540,0.934
2,1578430418.9,AUXZU,EUR,45240,0.847,45250,0.011
3,1578430418.9,AUXZU,JPY,5469000,1.922,5492000,1.902
4,1578430418.9,AUXLN,USD,50410,0.95,50560,0.948
5,1578430418.9,AUXLN,GBP,38420,0.934,38500,0.88
6,1578430418.9,AUXLN,EUR,45240,0.943,45380,1.039
7,1578430418.9,AUXNY,USD,50390,0.947,50610,0.944
8,1578430418.9,AUXNY,GBP,38390,0.942,38570,0.926
9,1578430418.9,AUXNY,EUR,45210,0.953,45410,0.953
10,1578430418.9,AUXTR,USD,50390,0.947,50610,0.944
11,1578430418.9,AUXTR,GBP,38390,0.942,38570,0.926
12,1578430418.9,AUXTR,EUR,45210,0.953,45410,0.953
13,1578430418.9,AUXSG,USD,50410,0.95,50600,0.5
14,1578430418.9,AUXSG,GBP,38420,0.934,38580,0.948
15,1578430418.9,AUXSG,EUR,45240,0.943,45430,1.906
16,1578430418.9,AGXZU,USD,590,7.463,592,4.999
17,1578430418.9,AGXZU,GBP,449,44.882,450,0.543
18,1578430418.9,AGXZU,EUR,525,9.996,528,55.182
19,1578430418.9,AGXLN,USD,590,27.263,591,1.996
20,1578430418.9,AGXLN,GBP,449,51.829,450,3.318
21,1578430418.9,AGXLN,EUR,529,42.726,531,14.965
22,1578430418.9,AGXTR,USD,589,27.225,595,0.623
23,1578430418.9,AGXTR,GBP,449,26.929,457,26.929
24,1578430418.9,AGXTR,EUR,529,27.345,536,6.23
25,1578430418.9,AGXSG,USD,590,7.463,595,0.093
26,1578430418.9,AGXSG,GBP,449,26.929,455,2
27,1578430418.9,AGXSG,EUR,529,27.345,535,3
28,1578430418.9,PTXLN,USD,31060,0.637,31330,0.654
29,1578430418.9,PTXLN,GBP,23670,0.639,23880,0.624
30,1578430418.9,PTXLN,EUR,27900,0.1,28120,0.637
0,1578430424.0,AUXZU,USD,50410,0.056,50570,0.948
1,1578430424.0,AUXZU,GBP,38420,0.934,38540,0.934
2,1578430424.0,AUXZU,EUR,45240,0.847,45250,0.011
3,1578430424.0,AUXZU,JPY,5469000,1.922,5492000,1.902
4,1578430424.0,AUXLN,USD,50410,0.95,50560,0.948
5,1578430424.0,AUXLN,GBP,38420,0.934,38500,0.88
6,1578430424.0,AUXLN,EUR,45240,0.943,45380,1.039
7,1578430424.0,AUXNY,USD,50390,0.947,50610,0.944
8,1578430424.0,AUXNY,GBP,38390,0.942,38570,0.926
9,1578430424.0,AUXNY,EUR,45210,0.953,45410,0.953
10,1578430424.1,AUXTR,USD,50390,0.947,50610,0.944
11,1578430424.1,AUXTR,GBP,38390,0.942,38570,0.926
12,1578430424.1,AUXTR,EUR,45210,0.953,45410,0.953
13,1578430424.1,AUXSG,USD,50410,0.95,50600,0.5
14,1578430424.1,AUXSG,GBP,38420,0.934,38580,0.948
15,1578430424.1,AUXSG,EUR,45240,0.943,45430,1.906
16,1578430424.1,AGXZU,USD,590,7.463,592,4.999
17,1578430424.1,AGXZU,GBP,449,44.882,450,0.543
18,1578430424.1,AGXZU,EUR,525,9.996,528,55.182
19,1578430424.1,AGXLN,USD,590,27.263,591,1.996
20,1578430424.1,AGXLN,GBP,449,51.829,450,3.318
21,1578430424.1,AGXLN,EUR,529,42.726,531,14.965
22,1578430424.1,AGXTR,USD,589,27.225,595,0.623
23,1578430424.1,AGXTR,GBP,449,26.929,457,26.929
24,1578430424.1,AGXTR,EUR,529,27.345,536,6.23
25,1578430424.1,AGXSG,USD,590,7.463,595,0.093
26,1578430424.1,AGXSG,GBP,449,26.929,455,2
27,1578430424.1,AGXSG,EUR,529,27.345,535,3
28,1578430424.1,PTXLN,USD,31060,0.637,31330,0.654
29,1578430424.1,PTXLN,GBP,23670,0.639,23880,0.624
30,1578430424.1,PTXLN,EUR,27900,0.1,28120,0.637
0,1578430429.2,AUXZU,USD,50410,0.056,50570,0.948
1,1578430429.2,AUXZU,GBP,38420,0.934,38540,0.934
2,1578430429.2,AUXZU,EUR,45240,0.847,45250,0.011
3,1578430429.2,AUXZU,JPY,5469000,1.922,5492000,1.902
4,1578430429.2,AUXLN,USD,50410,0.95,50560,0.948
5,1578430429.2,AUXLN,GBP,38420,0.934,38500,0.88
6,1578430429.2,AUXLN,EUR,45240,0.943,45380,1.039
7,1578430429.2,AUXNY,USD,50390,0.947,50610,0.944
8,1578430429.2,AUXNY,GBP,38390,0.942,38570,0.926
9,1578430429.2,AUXNY,EUR,45210,0.953,45410,0.953
10,1578430429.2,AUXTR,USD,50390,0.947,50610,0.944
11,1578430429.2,AUXTR,GBP,38390,0.942,38570,0.926
12,1578430429.2,AUXTR,EUR,45210,0.953,45410,0.953
13,1578430429.2,AUXSG,USD,50410,0.95,50600,0.5
14,1578430429.2,AUXSG,GBP,38420,0.934,38580,0.948
15,1578430429.2,AUXSG,EUR,45240,0.943,45430,1.906
16,1578430429.2,AGXZU,USD,590,7.463,592,4.999
17,1578430429.2,AGXZU,GBP,449,44.882,450,0.543
18,1578430429.2,AGXZU,EUR,525,9.996,528,55.182
19,1578430429.2,AGXLN,USD,590,27.263,591,1.996
20,1578430429.2,AGXLN,GBP,449,51.829,450,3.318
21,1578430429.2,AGXLN,EUR,529,42.726,531,14.965
22,1578430429.2,AGXTR,USD,589,27.225,595,0.623
23,1578430429.2,AGXTR,GBP,449,26.929,457,26.929
24,1578430429.2,AGXTR,EUR,529,27.345,536,6.23
25,1578430429.2,AGXSG,USD,590,7.463,595,0.093
26,1578430429.2,AGXSG,GBP,449,26.929,455,2
27,1578430429.2,AGXSG,EUR,529,27.345,535,3
28,1578430429.2,PTXLN,USD,31060,0.637,31330,0.654
29,1578430429.2,PTXLN,GBP,23670,0.639,23880,0.624
30,1578430429.2,PTXLN,EUR,27900,0.1,28120,0.637
0,1578430434.3,AUXZU,USD,50410,0.056,50570,0.948
1,1578430434.3,AUXZU,GBP,38420,0.934,38540,0.934
2,1578430434.3,AUXZU,EUR,45240,0.847,45250,0.011
3,1578430434.3,AUXZU,JPY,5469000,1.922,5492000,1.902
4,1578430434.3,AUXLN,USD,50410,0.95,50560,0.948
5,1578430434.3,AUXLN,GBP,38420,0.934,38500,0.88
6,1578430434.3,AUXLN,EUR,45240,0.943,45380,1.039
7,1578430434.3,AUXNY,USD,50390,0.947,50610,0.944
8,1578430434.3,AUXNY,GBP,38390,0.942,38570,0.926
9,1578430434.3,AUXNY,EUR,45210,0.953,45410,0.953
10,1578430434.3,AUXTR,USD,50390,0.947,50610,0.944
11,1578430434.3,AUXTR,GBP,38390,0.942,38570,0.926
12,1578430434.3,AUXTR,EUR,45210,0.953,45410,0.953
13,1578430434.3,AUXSG,USD,50410,0.95,50600,0.5
14,1578430434.3,AUXSG,GBP,38420,0.934,38580,0.948
15,1578430434.3,AUXSG,EUR,45240,0.943,45430,1.906
16,1578430434.3,AGXZU,USD,590,7.463,592,4.999
17,1578430434.3,AGXZU,GBP,449,44.882,450,0.543
18,1578430434.3,AGXZU,EUR,525,9.996,528,55.182
19,1578430434.3,AGXLN,USD,590,27.263,591,1.996
20,1578430434.3,AGXLN,GBP,449,51.829,450,3.318
21,1578430434.3,AGXLN,EUR,529,42.726,531,14.965
22,1578430434.3,AGXTR,USD,589,27.225,595,0.623
23,1578430434.3,AGXTR,GBP,449,26.929,457,26.929
24,1578430434.3,AGXTR,EUR,529,27.345,536,6.23
25,1578430434.3,AGXSG,USD,590,7.463,595,0.093
26,1578430434.3,AGXSG,GBP,449,26.929,455,2
27,1578430434.3,AGXSG,EUR,529,27.345,535,3
28,1578430434.3,PTXLN,USD,31060,0.637,31330,0.654
29,1578430434.3,PTXLN,GBP,23670,0.639,23880,0.624
30,1578430434.3,PTXLN,EUR,27900,0.1,28120,0.637
0,1578430439.5,AUXZU,USD,50430,0.055,50590,0.94
1,1578430439.5,AUXZU,GBP,38420,0.934,38540,0.934
2,1578430439.5,AUXZU,EUR,45240,0.847,45250,0.011
3,1578430439.5,AUXZU,JPY,5469000,1.922,5492000,1.902
4,1578430439.5,AUXLN,USD,50430,0.948,50570,0.1
5,1578430439.5,AUXLN,GBP,38420,0.934,38500,0.88
6,1578430439.5,AUXLN,EUR,45240,0.943,45380,1.039
7,1578430439.5,AUXNY,USD,50390,0.947,50610,0.944
8,1578430439.5,AUXNY,GBP,38390,0.942,38570,0.926
9,1578430439.5,AUXNY,EUR,45210,0.953,45410,0.953
10,1578430439.5,AUXTR,USD,50390,0.947,50610,0.944
11,1578430439.5,AUXTR,GBP,38390,0.942,38570,0.926
12,1578430439.5,AUXTR,EUR,45210,0.953,45410,0.953
13,1578430439.5,AUXSG,USD,50430,0.948,50600,0.5
14,1578430439.5,AUXSG,GBP,38420,0.934,38580,0.948
15,1578430439.5,AUXSG,EUR,45240,0.943,45430,0.953
16,1578430439.5,AGXZU,USD,590,7.463,592,4.999
17,1578430439.5,AGXZU,GBP,449,44.882,450,0.543
18,1578430439.5,AGXZU,EUR,525,9.996,528,55.182
19,1578430439.5,AGXLN,USD,590,27.263,591,1.996
20,1578430439.5,AGXLN,GBP,449,51.829,450,3.318
21,1578430439.5,AGXLN,EUR,529,42.726,531,14.965
22,1578430439.5,AGXTR,USD,589,27.225,595,0.623
23,1578430439.5,AGXTR,GBP,449,26.929,457,26.929
24,1578430439.5,AGXTR,EUR,529,27.345,536,6.23
25,1578430439.5,AGXSG,USD,590,7.463,595,0.093
26,1578430439.5,AGXSG,GBP,449,26.929,455,2
27,1578430439.5,AGXSG,EUR,529,27.345,535,3
28,1578430439.5,PTXLN,USD,31060,0.637,31330,0.654
29,1578430439.5,PTXLN,GBP,23670,0.639,23880,0.624
30,1578430439.5,PTXLN,EUR,27900,0.1,28120,0.637
0,1578430444.6,AUXZU,USD,50430,0.055,50590,0.94
1,1578430444.6,AUXZU,GBP,38420,0.934,38540,0.934
2,1578430444.6,AUXZU,EUR,45240,0.847,45250,0.011
3,1578430444.6,AUXZU,JPY,5469000,1.922,5492000,1.902
4,1578430444.6,AUXLN,USD,50430,0.948,50570,0.1
5,1578430444.6,AUXLN,GBP,38420,0.934,38500,0.88
6,1578430444.6,AUXLN,EUR,45240,0.943,45380,1.039
7,1578430444.6,AUXNY,USD,50390,0.947,50610,0.944
8,1578430444.6,AUXNY,GBP,38390,0.942,38570,0.926
9,1578430444.6,AUXNY,EUR,45210,0.953,45410,0.953
10,1578430444.6,AUXTR,USD,50390,0.947,50610,0.944
11,1578430444.6,AUXTR,GBP,38390,0.942,38570,0.926
12,1578430444.6,AUXTR,EUR,45210,0.953,45410,0.953
13,1578430444.6,AUXSG,USD,50430,0.948,50600,0.5
14,1578430444.6,AUXSG,GBP,38420,0.934,38580,0.948
15,1578430444.6,AUXSG,EUR,45240,0.943,45430,0.953
16,1578430444.6,AGXZU,USD,590,7.463,592,4.999
17,1578430444.6,AGXZU,GBP,449,44.882,450,0.543
18,1578430444.6,AGXZU,EUR,525,9.996,528,55.182
19,1578430444.6,AGXLN,USD,590,27.263,591,1.996
20,1578430444.6,AGXLN,GBP,449,51.829,450,3.318
21,1578430444.6,AGXLN,EUR,529,42.726,531,14.965
22,1578430444.6,AGXTR,USD,589,27.225,595,0.623
23,1578430444.6,AGXTR,GBP,449,26.929,457,26.929
24,1578430444.6,AGXTR,EUR,529,27.345,536,6.23
25,1578430444.6,AGXSG,USD,590,7.463,595,0.093
26,1578430444.6,AGXSG,GBP,449,26.929,455,2
27,1578430444.6,AGXSG,EUR,529,27.345,535,3
28,1578430444.6,PTXLN,USD,31060,0.637,31330,0.654
29,1578430444.6,PTXLN,GBP,23670,0.639,23880,0.624
30,1578430444.6,PTXLN,EUR,27900,0.1,28120,0.637
0,1578430449.8,AUXZU,USD,50430,0.055,50590,0.94
1,1578430449.8,AUXZU,GBP,38420,0.934,38560,1.86
2,1578430449.8,AUXZU,EUR,45036,0.211,45300,0.033
3,1578430449.8,AUXZU,JPY,5469000,1.922,5492000,1.902
4,1578430449.8,AUXLN,USD,50430,0.948,50570,0.1
5,1578430449.8,AUXLN,GBP,38420,0.934,38500,0.88
6,1578430449.8,AUXLN,EUR,45250,0.931,45380,1.039
7,1578430449.8,AUXNY,USD,50390,0.947,50610,0.944
8,1578430449.8,AUXNY,GBP,38390,0.942,38570,0.926
9,1578430449.8,AUXNY,EUR,45210,0.953,45410,0.953
10,1578430449.8,AUXTR,USD,50390,0.947,50610,0.944
11,1578430449.8,AUXTR,GBP,38390,0.942,38570,0.926
12,1578430449.8,AUXTR,EUR,45210,0.953,45410,0.953
13,1578430449.8,AUXSG,USD,50430,0.948,50600,0.5
14,1578430449.8,AUXSG,GBP,38420,0.934,38580,0.948
15,1578430449.8,AUXSG,EUR,45240,1.874,45430,0.953
16,1578430449.8,AGXZU,USD,590,7.463,592,4.999
17,1578430449.8,AGXZU,GBP,449,44.882,450,0.543
18,1578430449.8,AGXZU,EUR,525,9.996,528,55.182
19,1578430449.8,AGXLN,USD,590,27.263,591,1.996
20,1578430449.8,AGXLN,GBP,449,51.829,450,3.318
21,1578430449.8,AGXLN,EUR,529,42.726,531,14.965
22,1578430449.8,AGXTR,USD,589,27.225,595,0.623
23,1578430449.8,AGXTR,GBP,449,26.929,457,26.929
24,1578430449.8,AGXTR,EUR,529,27.345,536,6.23
25,1578430449.8,AGXSG,USD,590,7.463,595,0.093
26,1578430449.8,AGXSG,GBP,449,26.929,455,2
27,1578430449.8,AGXSG,EUR,529,27.345,535,3
28,1578430449.8,PTXLN,USD,31060,0.637,31330,0.654
29,1578430449.8,PTXLN,GBP,23670,0.639,23880,0.624
30,1578430449.8,PTXLN,EUR,27900,0.1,28120,0.637
0,1578430455.0,AUXZU,USD,50430,0.055,50590,0.94
1,1578430455.0,AUXZU,GBP,38420,0.934,38560,1.86
2,1578430455.0,AUXZU,EUR,45036,0.211,45300,0.033
3,1578430455.0,AUXZU,JPY,5469000,1.922,5492000,1.902
4,1578430455.0,AUXLN,USD,50430,0.948,50570,0.1
5,1578430455.0,AUXLN,GBP,38420,0.934,38500,0.88
6,1578430455.0,AUXLN,EUR,45250,0.931,45380,1.039
7,1578430455.0,AUXNY,USD,50390,0.947,50610,0.944
8,1578430455.0,AUXNY,GBP,38390,0.942,38570,0.926
9,1578430455.0,AUXNY,EUR,45210,0.953,45410,0.953
10,1578430455.0,AUXTR,USD,50390,0.947,50610,0.944
11,1578430455.0,AUXTR,GBP,38390,0.942,38570,0.926
12,1578430455.0,AUXTR,EUR,45210,0.953,45410,0.953
13,1578430455.0,AUXSG,USD,50430,0.948,50600,0.5
14,1578430455.0,AUXSG,GBP,38420,0.934,38580,0.948
15,1578430455.0,AUXSG,EUR,45240,1.874,45430,0.953
16,1578430455.0,AGXZU,USD,590,7.463,592,4.999
17,1578430455.0,AGXZU,GBP,449,44.882,450,0.543
18,1578430455.0,AGXZU,EUR,525,9.996,528,55.182
19,1578430455.0,AGXLN,USD,590,27.263,591,1.996
20,1578430455.0,AGXLN,GBP,449,51.829,450,3.318
21,1578430455.0,AGXLN,EUR,529,42.726,531,14.965
22,1578430455.0,AGXTR,USD,589,27.225,595,0.623
23,1578430455.0,AGXTR,GBP,449,26.929,457,26.929
24,1578430455.0,AGXTR,EUR,529,27.345,536,6.23
25,1578430455.0,AGXSG,USD,590,7.463,595,0.093
26,1578430455.0,AGXSG,GBP,449,26.929,455,2
27,1578430455.0,AGXSG,EUR,529,27.345,535,3
28,1578430455.0,PTXLN,USD,31060,0.637,31330,0.654
29,1578430455.0,PTXLN,GBP,23670,0.639,23880,0.624
30,1578430455.0,PTXLN,EUR,27900,0.1,28120,0.637
0,1578430460.1,AUXZU,USD,50430,0.055,50590,0.94
1,1578430460.1,AUXZU,GBP,38420,0.934,38560,1.86
2,1578430460.1,AUXZU,EUR,45250,0.832,45300,0.033
3,1578430460.1,AUXZU,JPY,5471000,1.873,5492000,1.902
4,1578430460.1,AUXLN,USD,50430,0.948,50570,0.1
5,1578430460.1,AUXLN,GBP,38420,0.934,38500,0.88
6,1578430460.1,AUXLN,EUR,45250,0.931,45380,1.039
7,1578430460.1,AUXNY,USD,50390,0.947,50610,0.944
8,1578430460.1,AUXNY,GBP,38390,0.942,38570,0.926
9,1578430460.1,AUXNY,EUR,45210,0.953,45410,0.953
10,1578430460.1,AUXTR,USD,50390,0.947,50610,0.944
11,1578430460.1,AUXTR,GBP,38390,0.942,38570,0.926
12,1578430460.1,AUXTR,EUR,45210,0.953,45410,0.953
13,1578430460.1,AUXSG,USD,50430,0.948,50600,0.5
14,1578430460.1,AUXSG,GBP,38420,0.934,38580,0.948
15,1578430460.1,AUXSG,EUR,45240,1.874,45430,0.953
16,1578430460.1,AGXZU,USD,590,7.463,592,4.999
17,1578430460.1,AGXZU,GBP,449,44.882,450,0.543
18,1578430460.1,AGXZU,EUR,525,9.996,528,55.182
19,1578430460.1,AGXLN,USD,590,27.263,591,1.996
20,1578430460.1,AGXLN,GBP,449,51.829,450,3.318
21,1578430460.1,AGXLN,EUR,529,42.726,531,14.965
22,1578430460.1,AGXTR,USD,589,27.225,595,0.623
23,1578430460.1,AGXTR,GBP,449,26.929,457,26.929
24,1578430460.1,AGXTR,EUR,529,27.345,536,6.23
25,1578430460.1,AGXSG,USD,590,7.463,595,0.093
26,1578430460.1,AGXSG,GBP,449,26.929,455,2
27,1578430460.1,AGXSG,EUR,529,27.345,535,3
28,1578430460.1,PTXLN,USD,31060,0.637,31330,0.654
29,1578430460.1,PTXLN,GBP,23670,0.639,23880,0.624
30,1578430460.1,PTXLN,EUR,27900,0.1,28120,0.637
0,1578430465.2,AUXZU,USD,50430,0.055,50590,0.94
1,1578430465.2,AUXZU,GBP,38420,0.934,38560,1.86
2,1578430465.2,AUXZU,EUR,45250,0.832,45300,0.033
3,1578430465.2,AUXZU,JPY,5471000,1.873,5492000,1.902
4,1578430465.2,AUXLN,USD,50430,0.948,50570,0.1
5,1578430465.2,AUXLN,GBP,38420,0.934,38500,0.88
6,1578430465.2,AUXLN,EUR,45250,0.931,45380,1.039
7,1578430465.2,AUXNY,USD,50390,0.947,50610,0.944
8,1578430465.2,AUXNY,GBP,38390,0.942,38570,0.926
9,1578430465.2,AUXNY,EUR,45210,0.953,45410,0.953
10,1578430465.2,AUXTR,USD,50390,0.947,50610,0.944
11,1578430465.2,AUXTR,GBP,38390,0.942,38570,0.926
12,1578430465.2,AUXTR,EUR,45210,0.953,45410,0.953
13,1578430465.2,AUXSG,USD,50430,0.948,50600,0.5
14,1578430465.2,AUXSG,GBP,38420,0.934,38580,0.948
15,1578430465.2,AUXSG,EUR,45240,1.874,45430,0.953
16,1578430465.2,AGXZU,USD,590,7.463,592,4.999
17,1578430465.2,AGXZU,GBP,449,44.882,450,0.543
18,1578430465.2,AGXZU,EUR,525,9.996,528,55.182
19,1578430465.2,AGXLN,USD,590,27.263,591,1.996
20,1578430465.2,AGXLN,GBP,449,51.829,450,3.318
21,1578430465.2,AGXLN,EUR,529,42.726,531,14.965
22,1578430465.2,AGXTR,USD,589,27.225,595,0.623
23,1578430465.2,AGXTR,GBP,449,26.929,457,26.929
24,1578430465.2,AGXTR,EUR,529,27.345,536,6.23
25,1578430465.2,AGXSG,USD,590,7.463,595,0.093
26,1578430465.2,AGXSG,GBP,449,26.929,455,2
27,1578430465.2,AGXSG,EUR,529,27.345,535,3
28,1578430465.2,PTXLN,USD,31060,0.637,31330,0.654
29,1578430465.2,PTXLN,GBP,23670,0.639,23880,0.624
30,1578430465.2,PTXLN,EUR,27900,0.1,28120,0.637
0,1578430470.4,AUXZU,USD,50430,0.055,50590,0.94
1,1578430470.4,AUXZU,GBP,38420,0.934,38560,1.86
2,1578430470.4,AUXZU,EUR,45250,0.832,45300,0.033
3,1578430470.4,AUXZU,JPY,5471000,1.873,5492000,1.902
4,1578430470.4,AUXLN,USD,50430,0.948,50570,0.1
5,1578430470.4,AUXLN,GBP,38420,0.934,38500,0.88
6,1578430470.4,AUXLN,EUR,45260,0.93,45380,1.039
7,1578430470.4,AUXNY,USD,50390,0.947,50610,0.944
8,1578430470.4,AUXNY,GBP,38390,0.942,38570,0.926
9,1578430470.4,AUXNY,EUR,45210,0.953,45410,0.953
10,1578430470.4,AUXTR,USD,50390,0.947,50610,0.944
11,1578430470.4,AUXTR,GBP,38390,0.942,38570,0.926
12,1578430470.4,AUXTR,EUR,45210,0.953,45410,0.953
13,1578430470.4,AUXSG,USD,50430,0.948,50600,0.5
14,1578430470.4,AUXSG,GBP,38420,0.934,38580,0.948
15,1578430470.4,AUXSG,EUR,45260,0.93,45430,0.953
16,1578430470.4,AGXZU,USD,590,7.463,592,4.999
17,1578430470.4,AGXZU,GBP,449,44.882,450,0.543
18,1578430470.4,AGXZU,EUR,525,9.996,528,55.182
19,1578430470.4,AGXLN,USD,590,27.263,591,1.996
20,1578430470.4,AGXLN,GBP,449,51.829,450,3.318
21,1578430470.4,AGXLN,EUR,529,42.726,531,14.965
22,1578430470.4,AGXTR,USD,589,27.225,595,0.623
23,1578430470.4,AGXTR,GBP,449,26.929,457,26.929
24,1578430470.4,AGXTR,EUR,529,27.345,536,6.23
25,1578430470.4,AGXSG,USD,590,7.463,595,0.093
26,1578430470.4,AGXSG,GBP,449,26.929,455,2
27,1578430470.4,AGXSG,EUR,529,27.345,535,3
28,1578430470.4,PTXLN,USD,31060,0.637,31330,0.654
29,1578430470.4,PTXLN,GBP,23670,0.639,23880,0.624
30,1578430470.4,PTXLN,EUR,27900,0.1,28110,0.637
0,1578430475.5,AUXZU,USD,50430,0.055,50590,0.94
1,1578430475.5,AUXZU,GBP,38420,0.934,38560,1.86
2,1578430475.5,AUXZU,EUR,45250,0.832,45300,0.033
3,1578430475.5,AUXZU,JPY,5471000,1.873,5492000,1.902
4,1578430475.5,AUXLN,USD,50430,0.948,50570,0.1
5,1578430475.5,AUXLN,GBP,38420,0.934,38500,0.88
6,1578430475.5,AUXLN,EUR,45260,0.93,45380,1.039
7,1578430475.5,AUXNY,USD,50390,0.947,50610,0.944
8,1578430475.5,AUXNY,GBP,38390,0.942,38570,0.926
9,1578430475.5,AUXNY,EUR,45210,0.953,45410,0.953
10,1578430475.5,AUXTR,USD,50390,0.947,50610,0.944
11,1578430475.5,AUXTR,GBP,38390,0.942,38570,0.926
12,1578430475.5,AUXTR,EUR,45210,0.953,45410,0.953
13,1578430475.5,AUXSG,USD,50430,0.948,50600,0.5
14,1578430475.5,AUXSG,GBP,38420,0.934,38580,0.948
15,1578430475.5,AUXSG,EUR,45260,0.93,45430,0.953
16,1578430475.5,AGXZU,USD,590,7.463,592,4.999
17,1578430475.5,AGXZU,GBP,449,44.882,450,0.543
18,1578430475.5,AGXZU,EUR,525,9.996,528,55.182
19,1578430475.5,AGXLN,USD,590,27.263,591,1.996
20,1578430475.5,AGXLN,GBP,449,51.829,450,3.318
21,1578430475.5,AGXLN,EUR,529,42.726,531,14.965
22,1578430475.5,AGXTR,USD,589,27.225,595,0.623
23,1578430475.5,AGXTR,GBP,449,26.929,457,26.929
24,1578430475.5,AGXTR,EUR,529,27.345,536,6.23
25,1578430475.5,AGXSG,USD,590,7.463,595,0.093
26,1578430475.5,AGXSG,GBP,449,26.929,455,2
27,1578430475.5,AGXSG,EUR,529,27.345,535,3
28,1578430475.5,PTXLN,USD,31060,0.637,31330,0.654
29,1578430475.5,PTXLN,GBP,23670,0.639,23880,0.624
30,1578430475.5,PTXLN,EUR,27900,0.1,28110,0.637
